PROV1;The World;;;;;;;;;;;;;x;
PROV2;Chalkis;;;;;;;;;;;;;x;
c_chalcis_adj;Chalcidian;;;;;;;;;;;;;x;
PROV3;Eretria;;;;;;;;;;;;;x;
c_eretria_adj;Eretrian;;;;;;;;;;;;;x;
PROV4;Andros;;;;;;;;;;;;;x;
c_andros_adj;Android;;;;;;;;;;;;;x;
PROV5;Naxos;;;;;;;;;;;;;x;
c_naxos_adj;Naxian;;;;;;;;;;;;;x;
PROV6;Kefalonia;;;;;;;;;;;;;x;
c_cephalonia_adj;Kefalonian;;;;;;;;;;;;;x;
PROV7;Korkyra;;;;;;;;;;;;;x;
c_corfu_adj;Korkyran;;;;;;;;;;;;;x;
PROV8;Kydonia;;;;;;;;;;;;;x;
c_kydonia_adj;Kydonian;;;;;;;;;;;;;x;
PROV9;Knossos;;;;;;;;;;;;;x;
c_knossos_adj;Knossan;;;;;;;;;;;;;x;
PROV10;Karpathos;;;;;;;;;;;;;x;
c_karpathos_adj;Karpathians;;;;;;;;;;;;;x;
PROV11;Rhodes;;;;;;;;;;;;;x;
c_rhodos_adj;Rhodian;;;;;;;;;;;;;x;
PROV12;Kos;;;;;;;;;;;;;x;
c_kos_adj;Koan;;;;;;;;;;;;;x;
PROV13;Samos;;;;;;;;;;;;;x;
c_samos_adj;Samian;;;;;;;;;;;;;x;
PROV14;Chios;;;;;;;;;;;;;x;
c_chios_adj;Chian;;;;;;;;;;;;;x;
PROV15;Lesbos;;;;;;;;;;;;;x;
c_lesbos_adj;Lesbosian;;;;;;;;;;;;;x;
PROV16;Lemnos;;;;;;;;;;;;;x;
c_lemnos_adj;Lemnian;;;;;;;;;;;;;x;
PROV17;Sporades;;;;;;;;;;;;;x;
c_sporades_adj;Sporadian;;;;;;;;;;;;;x;
PROV18;Athenai;;;;;;;;;;;;;x;
c_athens_adj;Athenian;;;;;;;;;;;;;x;
PROV19;Thebai;;;;;;;;;;;;;x;
c_thebes_adj;Theban;;;;;;;;;;;;;x;
PROV20;Delphoi;;;;;;;;;;;;;x;
c_delphi_adj;Dephian;;;;;;;;;;;;;x;
PROV21;Korinthos;;;;;;;;;;;;;x;
c_corinth_adj;Corinthian;;;;;;;;;;;;;x;
PROV22;Argos;;;;;;;;;;;;;x;
c_argos_adj;Argive;;;;;;;;;;;;;x;
PROV23;Sparte;;;;;;;;;;;;;x;
c_sparta_adj;Spartan;;;;;;;;;;;;;x;
PROV24;Messene;;;;;;;;;;;;;x;
c_messene_adj;Messenian;;;;;;;;;;;;;x;
PROV25;Megalopoli;;;;;;;;;;;;;x;
c_megalopolis_adj;Megalopolian;;;;;;;;;;;;;x;
PROV26;Olympia;;;;;;;;;;;;;x;
c_olympia_adj;Olympian;;;;;;;;;;;;;x;
PROV27;Patra;;;;;;;;;;;;;x;
c_patras_adj;Patrid;;;;;;;;;;;;;x;
PROV28;Thermos;;;;;;;;;;;;;x;
c_thermos_adj;Thermic;;;;;;;;;;;;;x;
PROV29;Amprakia;;;;;;;;;;;;;x;
c_ambracia_adj;Amprakian;;;;;;;;;;;;;x;
PROV30;Ilion;;;;;;;;;;;;;x;
c_ilium_adj;Iliac;;;;;;;;;;;;;x;
PROV31;Amantia;;;;;;;;;;;;;x;
c_amantia_adj;Amantian;;;;;;;;;;;;;x;
PROV32;Lamia;;;;;;;;;;;;;x;
c_lamia_adj;Lamian;;;;;;;;;;;;;x;
PROV33;Larissa;;;;;;;;;;;;;x;
c_larissa_adj;Larissan;;;;;;;;;;;;;x;
PROV34;Pella;;;;;;;;;;;;;x;
c_pella_adj;Pellan;;;;;;;;;;;;;x;
PROV35;Chalkidiki;;;;;;;;;;;;;x;
c_chalkidiki_adj;Chalcidian;;;;;;;;;;;;;x;
PROV36;Amphipolis;;;;;;;;;;;;;x;
c_amphipolis_adj;Amphipolian;;;;;;;;;;;;;x;
PROV37;Thasos;;;;;;;;;;;;;x;
c_thasos_adj;Thasian;;;;;;;;;;;;;x;
PROV38;Philippopolis;;;;;;;;;;;;;x;
c_philippopolis_adj;Philippopolian;;;;;;;;;;;;;x;
PROV39;Seuthopolis;;;;;;;;;;;;;x;
c_seuthopolis_adj;Seuthopolian;;;;;;;;;;;;;x;
PROV40;Orestias;;;;;;;;;;;;;x;
c_orestias_adj;Orestian;;;;;;;;;;;;;x;
PROV41;Maroneia;;;;;;;;;;;;;x;
c_maroneia_adj;Maroneian;;;;;;;;;;;;;x;
PROV42;Abdera;;;;;;;;;;;;;x;
c_abdera_adj;Abderan;;;;;;;;;;;;;x;
PROV44;Khersonesos;;;;;;;;;;;;;x;
c_lysimachia_adj;Khersonian;;;;;;;;;;;;;x;
PROV45;Byzantion;;;;;;;;;;;;;x;
c_byzantion_adj;Byzantine;;;;;;;;;;;;;x;
PROV46;Apollonia;;;;;;;;;;;;;x;
c_apollonia_adj;Apollonian;;;;;;;;;;;;;x;
PROV47;Odessos;;;;;;;;;;;;;x;
c_odessos_adj;Odessan;;;;;;;;;;;;;x;
PROV48;Histria;;;;;;;;;;;;;x;
c_histria_adj;Histrian;;;;;;;;;;;;;x;
PROV50;Getai;;;;;;;;;;;;;x;
c_getae_adj;Getic;;;;;;;;;;;;;x;
PROV51;Arbitos;;;;;;;;;;;;;x;
c_arbitus_adj;Arbitan;;;;;;;;;;;;;x;
PROV52;Tyras;;;;;;;;;;;;;x;
c_tyras_adj;Tyran;;;;;;;;;;;;;x;
PROV53;Olbia;;;;;;;;;;;;;x;
c_olbia_adj;Olbian;;;;;;;;;;;;;x;
PROV54;Kerkinitis;;;;;;;;;;;;;x;
c_kerkinitis_adj;Kerkinitan;;;;;;;;;;;;;x;
PROV55;Pantikapaion;;;;;;;;;;;;;x;
c_pantikapaion_adj;Pantikapaian;;;;;;;;;;;;;x;
PROV56;Phanagoria;;;;;;;;;;;;;x;
c_phanagoria_adj;Phanagorian;;;;;;;;;;;;;x;
PROV57;Tanais;;;;;;;;;;;;;x;
c_tanais_adj;Tanaian;;;;;;;;;;;;;x;
PROV58;Stratos;;;;;;;;;;;;;x;
c_stratus_adj;Stratian;;;;;;;;;;;;;x;
PROV59;Orestis;;;;;;;;;;;;;x;
c_orestis_adj;Orestian;;;;;;;;;;;;;x;
PROV60;Pyli;;;;;;;;;;;;;x;
c_pyli_adj;Pylian;;;;;;;;;;;;;x;
PROV61;Epidamnos;;;;;;;;;;;;;x;
c_epidamnos_adj;Epidamnian;;;;;;;;;;;;;x;
PROV63;Parthini;;;;;;;;;;;;;x;
c_parthus_adj;Parthinian;;;;;;;;;;;;;x;
PROV64;Scodra;;;;;;;;;;;;;x;
c_scodra_adj;Scodrian;;;;;;;;;;;;;x;
PROV65;Stobi;;;;;;;;;;;;;x;
c_stobi_adj;Stobian;;;;;;;;;;;;;x;
PROV66;Rhizon;;;;;;;;;;;;;x;
c_rhizon_adj;Rhizonian;;;;;;;;;;;;;x;
PROV67;Paionia;;;;;;;;;;;;;x;
c_paroikopolis_adj;;;;;;;;;;;;;;x;
PROV68;Dardani;;;;;;;;;;;;;x;
c_dardani_adj;Dardanian;;;;;;;;;;;;;x;
PROV69;Delmatae;;;;;;;;;;;;;x;
c_delminium_adj;Delmatian;;;;;;;;;;;;;x;
PROV70;Liburni;;;;;;;;;;;;;x;
c_iader_adj;Liburnian;;;;;;;;;;;;;x;
PROV71;Veneti;;;;;;;;;;;;;x;
c_veneti_adj;Veneti;;;;;;;;;;;;;x;
PROV72;Scordisci;;;;;;;;;;;;;x;
c_singidunum_adj;Scordiscian;;;;;;;;;;;;;x;
PROV73;Triballi;;;;;;;;;;;;;x;
c_ratiaria_adj;Triballi;;;;;;;;;;;;;x;
PROV74;Pannoni;;;;;;;;;;;;;x;
c_sala_adj;Pannonian;;;;;;;;;;;;;x;
PROV75;Daci;;;;;;;;;;;;;x;
c_daci_adj;Dacian;;;;;;;;;;;;;x;
PROV76;Troas;;;;;;;;;;;;;x;
c_abydos_adj;Troasian;;;;;;;;;;;;;x;
PROV77;Pergamon;;;;;;;;;;;;;x;
c_pergamum_adj;Pergamese;;;;;;;;;;;;;x;
PROV78;Kyzikos;;;;;;;;;;;;;x;
c_cyzicus_adj;Kyzikosian;;;;;;;;;;;;;x;
PROV79;Smyrna;;;;;;;;;;;;;x;
c_smyrna_adj;Smyrnan;;;;;;;;;;;;;x;
PROV80;Ephesos;;;;;;;;;;;;;x;
c_ephesus_adj;Ephesian;;;;;;;;;;;;;x;
PROV81;Sfard;;;;;;;;;;;;;x;
c_sardis_adj;Sardisian;;;;;;;;;;;;;x;
PROV82;Miletos;;;;;;;;;;;;;x;
c_miletus_adj;Milesian;;;;;;;;;;;;;x;
PROV83;Halikarnassos;;;;;;;;;;;;;x;
c_halicarnassus_adj;Halikarnesian;;;;;;;;;;;;;x;
PROV84;Telmessos;;;;;;;;;;;;;x;
c_telmessos_adj;Telmesian;;;;;;;;;;;;;x\;
PROV85;Xanthos;;;;;;;;;;;;;x;
c_xanthos_adj;Xanthosian;;;;;;;;;;;;;x;
PROV86;Termessos;;;;;;;;;;;;;x;
c_termessos_adj;Termessian;;;;;;;;;;;;;x;
PROV87;Side;;;;;;;;;;;;;x;
c_side_adj;Sidean;;;;;;;;;;;;;x;
PROV88;Daskyleion;;;;;;;;;;;;;x;
c_daskyleion_adj;DaskyLeionian;;;;;;;;;;;;;x;
PROV89;Alabanda;;;;;;;;;;;;;x;
c_alabanda_adj;Alabandian;;;;;;;;;;;;;x;
PROV90;Sagalassos;;;;;;;;;;;;;x;
c_sagalassos_adj;Sagalassian;;;;;;;;;;;;;x;
PROV91;Kelainai;;;;;;;;;;;;;x;
c_celaenae_adj;Kelainaian;;;;;;;;;;;;;x;
PROV92;Dorylaion;;;;;;;;;;;;;x;
c_dorylaeum_adj;Dorylaian;;;;;;;;;;;;;x;
PROV93;Ipsos;;;;;;;;;;;;;x;
c_ipsus_adj;Ipsosian;;;;;;;;;;;;;x;
PROV94;Gordion;;;;;;;;;;;;;x;
c_gordium_adj;Gordian;;;;;;;;;;;;;x;
PROV95;Pessinos;;;;;;;;;;;;;x;
c_pessinus_adj;Pessinosian;;;;;;;;;;;;;x;
PROV96;Ankyra;;;;;;;;;;;;;x;
c_ancyra_adj;Ankyran;;;;;;;;;;;;;x;
PROV97;Kios;;;;;;;;;;;;;x;
c_cius_adj;Prousan;;;;;;;;;;;;;x;
PROV98;Ankore;;;;;;;;;;;;;x;
c_nicaea_adj;Nikaian;;;;;;;;;;;;;x;
PROV99;Astakos;;;;;;;;;;;;;x;
c_nicomedia_adj;Nikomedeian;;;;;;;;;;;;;x;
PROV100;Heracleia;;;;;;;;;;;;;x;
c_heraclea_pontica_adj;Heracleian;;;;;;;;;;;;;x;
PROV101;Sesamos;;;;;;;;;;;;;x;
c_amastris_adj;Amastrine;;;;;;;;;;;;;x;
PROV102;Sinope;;;;;;;;;;;;;x;
c_sinope_adj;Sinopian;;;;;;;;;;;;;x;
PROV103;Gangra;;;;;;;;;;;;;x;
c_gangra_adj;Gangran;;;;;;;;;;;;;x;
PROV104;Syedra;;;;;;;;;;;;;x;
c_syedra_adj;Syedran;;;;;;;;;;;;;x;
PROV105;Kelenderis;;;;;;;;;;;;;x;
c_celenderis_adj;Kelendrian;;;;;;;;;;;;;x;
PROV106;Tarsos;;;;;;;;;;;;;x;
c_tarsus_adj;Tarsian;;;;;;;;;;;;;x;
PROV107;Adana;;;;;;;;;;;;;x;
c_adana_adj;Adanan;;;;;;;;;;;;;x;
PROV108;;;;;;;;;;;;;;x;
c_iconium_adj;;;;;;;;;;;;;;x;
PROV109;;;;;;;;;;;;;;x;
c_lystra_adj;;;;;;;;;;;;;;x;
PROV110;;;;;;;;;;;;;;x;
c_amisus_adj;;;;;;;;;;;;;;x;
PROV111;;;;;;;;;;;;;;x;
c_polemonion_adj;;;;;;;;;;;;;;x;
PROV112;;;;;;;;;;;;;;x;
c_trapezous_adj;;;;;;;;;;;;;;x;
PROV113;;;;;;;;;;;;;;x;
c_amaseia_adj;;;;;;;;;;;;;;x;
PROV114;;;;;;;;;;;;;;x;
c_tyana_adj;;;;;;;;;;;;;;x;
PROV115;;;;;;;;;;;;;;x;
c_cataonia_adj;;;;;;;;;;;;;;x;
PROV116;;;;;;;;;;;;;;x;
c_pteria_adj;;;;;;;;;;;;;;x;
PROV117;;;;;;;;;;;;;;x;
c_mazaka_adj;;;;;;;;;;;;;;x;
PROV118;;;;;;;;;;;;;;x;
c_megalopolis_cappadocia_adj;;;;;;;;;;;;;;x;
PROV119;;;;;;;;;;;;;;x;
c_myriandos_adj;;;;;;;;;;;;;;x;
PROV120;;;;;;;;;;;;;;x;
c_rhosos_adj;;;;;;;;;;;;;;x;
PROV121;;;;;;;;;;;;;;x;
c_aratos_adj;;;;;;;;;;;;;;x;
PROV122;;;;;;;;;;;;;;x;
c_tripolis_adj;;;;;;;;;;;;;;x;
PROV123;;;;;;;;;;;;;;x;
c_byblos_adj;;;;;;;;;;;;;;x;
PROV124;;;;;;;;;;;;;;x;
c_sidon_adj;;;;;;;;;;;;;;x;
PROV125;;;;;;;;;;;;;;x;
c_tyrus_adj;;;;;;;;;;;;;;x;
PROV126;;;;;;;;;;;;;;x;
c_apollonia_israel_adj;;;;;;;;;;;;;;x;
PROV127;;;;;;;;;;;;;;x;
c_samaria_adj;;;;;;;;;;;;;;x;
PROV128;;;;;;;;;;;;;;x;
c_jericho_adj;;;;;;;;;;;;;;x;
PROV129;;;;;;;;;;;;;;x;
c_gaza_adj;;;;;;;;;;;;;;x;
PROV130;;;;;;;;;;;;;;x;
c_jerusalem_adj;;;;;;;;;;;;;;x;
PROV131;;;;;;;;;;;;;;x;
c_beersheba_adj;;;;;;;;;;;;;;x;
PROV132;;;;;;;;;;;;;;x;
c_pelusium_adj;;;;;;;;;;;;;;x;
PROV133;;;;;;;;;;;;;;x;
c_rhaithou_adj;;;;;;;;;;;;;;x;
PROV134;;;;;;;;;;;;;;x;
c_aelana_adj;;;;;;;;;;;;;;x;
PROV135;;;;;;;;;;;;;;x;
c_tanis_adj;;;;;;;;;;;;;;x;
PROV136;;;;;;;;;;;;;;x;
c_sebennytos_adj;;;;;;;;;;;;;;x;
PROV137;;;;;;;;;;;;;;x;
c_bouto_adj;;;;;;;;;;;;;;x;
PROV138;;;;;;;;;;;;;;x;
c_canopus_adj;;;;;;;;;;;;;;x;
PROV139;;;;;;;;;;;;;;x;
c_alexandria_adj;;;;;;;;;;;;;;x;
PROV140;;;;;;;;;;;;;;x;
c_heliopolis_adj;;;;;;;;;;;;;;x;
PROV141;;;;;;;;;;;;;;x;
c_memphis_adj;;;;;;;;;;;;;;x;
PROV142;;;;;;;;;;;;;;x;
c_aphroditopolis_adj;;;;;;;;;;;;;;x;
PROV143;;;;;;;;;;;;;;x;
c_crocodilopolis_adj;;;;;;;;;;;;;;x;
PROV144;;;;;;;;;;;;;;x;
c_clysma_adj;;;;;;;;;;;;;;x;
PROV145;;;;;;;;;;;;;;x;
c_oxyrhynchus_adj;;;;;;;;;;;;;;x;
PROV146;;;;;;;;;;;;;;x;
c_qubba_adj;;;;;;;;;;;;;;x;
PROV147;;;;;;;;;;;;;;x;
c_lykopolis_adj;;;;;;;;;;;;;;x;
PROV148;;;;;;;;;;;;;;x;
c_panopolis_adj;;;;;;;;;;;;;;x;
PROV149;;;;;;;;;;;;;;x;
c_kaine_adj;;;;;;;;;;;;;;x;
PROV150;;;;;;;;;;;;;;x;
c_thebes_egypt_adj;;;;;;;;;;;;;;x;
PROV151;;;;;;;;;;;;;;x;
c_persou_adj;;;;;;;;;;;;;;x;
PROV152;;;;;;;;;;;;;;x;
c_latopolis_adj;;;;;;;;;;;;;;x;
PROV153;;;;;;;;;;;;;;x;
c_syene_adj;;;;;;;;;;;;;;x;
PROV154;;;;;;;;;;;;;;x;
c_berenike_adj;;;;;;;;;;;;;;x;
PROV155;;;;;;;;;;;;;;x;
c_hibis_adj;;;;;;;;;;;;;;x;
PROV156;;;;;;;;;;;;;;x;
c_kysis_adj;;;;;;;;;;;;;;x;
PROV157;;;;;;;;;;;;;;x;
c_mothis_adj;;;;;;;;;;;;;;x;
PROV158;;;;;;;;;;;;;;x;
c_antiphrai_adj;;;;;;;;;;;;;;x;
PROV159;;;;;;;;;;;;;;x;
c_paraetonium_adj;;;;;;;;;;;;;;x;
PROV160;;;;;;;;;;;;;;x;
c_catabathmus_adj;;;;;;;;;;;;;;x;
PROV161;;;;;;;;;;;;;;x;
c_petras_mikros_adj;;;;;;;;;;;;;;x;
PROV162;;;;;;;;;;;;;;x;
c_darnis_adj;;;;;;;;;;;;;;x;
PROV163;;;;;;;;;;;;;;x;
c_cyrene_adj;;;;;;;;;;;;;;x;
PROV164;;;;;;;;;;;;;;x;
c_barke_adj;;;;;;;;;;;;;;x;
PROV165;;;;;;;;;;;;;;x;
c_euesperides_adj;;;;;;;;;;;;;;x;
PROV166;;;;;;;;;;;;;;x;
c_paphos_adj;;;;;;;;;;;;;;x;
PROV167;;;;;;;;;;;;;;x;
c_kition_adj;;;;;;;;;;;;;;x;
PROV168;;;;;;;;;;;;;;x;
c_salamis_adj;;;;;;;;;;;;;;x;
PROV169;;;;;;;;;;;;;;x;
c_auara_adj;;;;;;;;;;;;;;x;
PROV170;;;;;;;;;;;;;;x;
c_petra_adj;;;;;;;;;;;;;;x;
PROV171;;;;;;;;;;;;;;x;
c_characmoba_adj;;;;;;;;;;;;;;x;
PROV172;;;;;;;;;;;;;;x;
c_madaba_adj;;;;;;;;;;;;;;x;
PROV173;;;;;;;;;;;;;;x;
c_gadara_adj;;;;;;;;;;;;;;x;
PROV174;;;;;;;;;;;;;;x;
c_bostra_adj;;;;;;;;;;;;;;x;
PROV175;;;;;;;;;;;;;;x;
c_damascus_adj;;;;;;;;;;;;;;x;
PROV176;;;;;;;;;;;;;;x;
c_palmyra_adj;;;;;;;;;;;;;;x;
PROV177;;;;;;;;;;;;;;x;
c_thapsacus_adj;;;;;;;;;;;;;;x;
PROV178;;;;;;;;;;;;;;x;
c_zeugma_adj;;;;;;;;;;;;;;x;
PROV179;;;;;;;;;;;;;;x;
c_edessa_adj;;;;;;;;;;;;;;x;
PROV180;;;;;;;;;;;;;;x;
c_harran_adj;;;;;;;;;;;;;;x;
PROV181;;;;;;;;;;;;;;x;
c_amida_adj;;;;;;;;;;;;;;x;
PROV182;;;;;;;;;;;;;;x;
c_nisibin_adj;;;;;;;;;;;;;;x;
PROV183;;;;;;;;;;;;;;x;
c_resaina_adj;;;;;;;;;;;;;;x;
PROV184;;;;;;;;;;;;;;x;
c_terqa_adj;;;;;;;;;;;;;;x;
PROV185;;;;;;;;;;;;;;x;
c_anatho_adj;;;;;;;;;;;;;;x;
PROV186;;;;;;;;;;;;;;x;
c_pinaka_adj;;;;;;;;;;;;;;x;
PROV187;;;;;;;;;;;;;;x;
c_ashur_adj;;;;;;;;;;;;;;x;
PROV188;;;;;;;;;;;;;;x;
c_takrit_adj;;;;;;;;;;;;;;x;
PROV189;;;;;;;;;;;;;;x;
c_arrapha_adj;;;;;;;;;;;;;;x;
PROV190;;;;;;;;;;;;;;x;
c_arbela_adj;;;;;;;;;;;;;;x;
PROV191;;;;;;;;;;;;;;x;
c_nineveh_adj;;;;;;;;;;;;;;x;
PROV192;;;;;;;;;;;;;;x;
c_maskin_adj;;;;;;;;;;;;;;x;
PROV193;;;;;;;;;;;;;;x;
c_sippar_adj;;;;;;;;;;;;;;x;
PROV194;;;;;;;;;;;;;;x;
c_opis_adj;;;;;;;;;;;;;;x;
PROV195;;;;;;;;;;;;;;x;
c_babylon_adj;;;;;;;;;;;;;;x;
PROV196;;;;;;;;;;;;;;x;
c_marad_adj;;;;;;;;;;;;;;x;
PROV197;;;;;;;;;;;;;;x;
c_nippur_adj;;;;;;;;;;;;;;x;
PROV198;;;;;;;;;;;;;;x;
c_uruk_adj;;;;;;;;;;;;;;x;
PROV199;;;;;;;;;;;;;;x;
c_ur_adj;;;;;;;;;;;;;;x;
PROV200;;;;;;;;;;;;;;x;
c_charax_adj;;;;;;;;;;;;;;x;
PROV201;;;;;;;;;;;;;;x;
c_samosata_adj;;;;;;;;;;;;;;x;
PROV202;;;;;;;;;;;;;;x;
c_adatha_adj;;;;;;;;;;;;;;x;
PROV203;;;;;;;;;;;;;;x;
c_melitene_adj;;;;;;;;;;;;;;x;
PROV204;;;;;;;;;;;;;;x;
c_gundusa_adj;;;;;;;;;;;;;;x;
PROV205;;;;;;;;;;;;;;x;
c_chorsabia_adj;;;;;;;;;;;;;;x;
PROV206;;;;;;;;;;;;;;x;
c_sinoria_adj;;;;;;;;;;;;;;x;
PROV207;;;;;;;;;;;;;;x;
c_ani_kamah_adj;;;;;;;;;;;;;;x;
PROV208;;;;;;;;;;;;;;x;
c_arsamosata_adj;;;;;;;;;;;;;;x;
PROV209;;;;;;;;;;;;;;x;
c_karkathiokerta_adj;;;;;;;;;;;;;;x;
PROV210;;;;;;;;;;;;;;x;
c_maipa_adj;;;;;;;;;;;;;;x;
PROV211;;;;;;;;;;;;;;x;
c_zoaranda_adj;;;;;;;;;;;;;;x;
PROV212;;;;;;;;;;;;;;x;
c_thospia_adj;;;;;;;;;;;;;;x;
PROV213;;;;;;;;;;;;;;x;
c_calata_adj;;;;;;;;;;;;;;x;
PROV214;;;;;;;;;;;;;;x;
c_karin_adj;;;;;;;;;;;;;;x;
PROV215;;;;;;;;;;;;;;x;
c_ashtishat_adj;;;;;;;;;;;;;;x;
PROV216;;;;;;;;;;;;;;x;
c_eruandakert_adj;;;;;;;;;;;;;;x;
PROV217;;;;;;;;;;;;;;x;
c_palacata_adj;;;;;;;;;;;;;;x;
PROV218;;;;;;;;;;;;;;x;
c_armavir_adj;;;;;;;;;;;;;;x;
PROV219;;;;;;;;;;;;;;x;
c_shalat_adj;;;;;;;;;;;;;;x;
PROV220;;;;;;;;;;;;;;x;
c_amaras_adj;;;;;;;;;;;;;;x;
PROV221;;;;;;;;;;;;;;x;
c_harmozike_adj;;;;;;;;;;;;;;x;
PROV222;;;;;;;;;;;;;;x;
c_sarapanis_adj;;;;;;;;;;;;;;x;
PROV223;;;;;;;;;;;;;;x;
c_mtskheta_adj;;;;;;;;;;;;;;x;
PROV224;;;;;;;;;;;;;;x;
c_sanua_adj;;;;;;;;;;;;;;x;
PROV225;;;;;;;;;;;;;;x;
c_apsaros_adj;;;;;;;;;;;;;;x;
PROV226;;;;;;;;;;;;;;x;
c_phasis_adj;;;;;;;;;;;;;;x;
PROV227;;;;;;;;;;;;;;x;
c_kotais_adj;;;;;;;;;;;;;;x;
PROV228;;;;;;;;;;;;;;x;
c_dioscurias_adj;;;;;;;;;;;;;;x;
PROV229;;;;;;;;;;;;;;x;
c_chabala_adj;;;;;;;;;;;;;;x;
PROV230;;;;;;;;;;;;;;x;
c_sanina_adj;;;;;;;;;;;;;;x;
PROV231;;;;;;;;;;;;;;x;
c_spandaran_adj;;;;;;;;;;;;;;x;
PROV232;;;;;;;;;;;;;;x;
c_aharawan_adj;;;;;;;;;;;;;;x;
PROV233;;;;;;;;;;;;;;x;
c_ardabil_adj;;;;;;;;;;;;;;x;
PROV234;;;;;;;;;;;;;;x;
c_praaspa_adj;;;;;;;;;;;;;;x;
PROV235;;;;;;;;;;;;;;x;
c_adar_gushnasp_adj;;;;;;;;;;;;;;x;
PROV236;;;;;;;;;;;;;;x;
c_gaznik_adj;;;;;;;;;;;;;;x;
PROV237;;;;;;;;;;;;;;x;
c_morunda_adj;;;;;;;;;;;;;;x;
PROV238;;;;;;;;;;;;;;x;
c_daskara_adj;;;;;;;;;;;;;;x;
PROV239;;;;;;;;;;;;;;x;
c_hulwan_adj;;;;;;;;;;;;;;x;
PROV240;;;;;;;;;;;;;;x;
c_ecbatana_adj;;;;;;;;;;;;;;x;
PROV241;;;;;;;;;;;;;;;x
c_aganzana_adj;;;;;;;;;;;;;;x;
PROV242;;;;;;;;;;;;;;x;
c_saveh_adj;;;;;;;;;;;;;;x;
PROV243;;;;;;;;;;;;;;x;
c_rhagai_adj;;;;;;;;;;;;;;x;
PROV244;;;;;;;;;;;;;;x;
c_hecatombylos_adj;;;;;;;;;;;;;;x;
PROV245;;;;;;;;;;;;;;x;
c_zadracarta_adj;;;;;;;;;;;;;;x;
PROV246;;;;;;;;;;;;;;x;
c_asaak_adj;;;;;;;;;;;;;;x;
PROV247;;;;;;;;;;;;;;x;
c_madhar_adj;;;;;;;;;;;;;;x;
PROV248;;;;;;;;;;;;;;x;
c_soloke_adj;;;;;;;;;;;;;;x;
PROV249;;;;;;;;;;;;;;x;
c_susa_adj;;;;;;;;;;;;;;x;
PROV250;;;;;;;;;;;;;;x;
c_nemavand_adj;;;;;;;;;;;;;;x;
PROV251;;;;;;;;;;;;;;x;
c_bushahr_adj;;;;;;;;;;;;;;x;
PROV252;;;;;;;;;;;;;;x;
c_cyropolis_adj;;;;;;;;;;;;;;x;
PROV253;;;;;;;;;;;;;;x;
c_pasargadae_adj;;;;;;;;;;;;;;x;
PROV254;;;;;;;;;;;;;;x;
c_aspadana_adj;;;;;;;;;;;;;;x;
PROV255;;;;;;;;;;;;;;x;
c_harmozeia_adj;;;;;;;;;;;;;;x;
PROV256;;;;;;;;;;;;;;x;
c_taruana_adj;;;;;;;;;;;;;;x;
PROV257;;;;;;;;;;;;;;x;
c_carmana_adj;;;;;;;;;;;;;;x;
PROV258;;;;;;;;;;;;;;x;
c_bam_adj;;;;;;;;;;;;;;x;
PROV259;;;;;;;;;;;;;;x;
c_tabus_adj;;;;;;;;;;;;;;x;
PROV260;;;;;;;;;;;;;;x;
c_choarene_adj;;;;;;;;;;;;;;x;
PROV261;;;;;;;;;;;;;;x;
c_susia_adj;;;;;;;;;;;;;;x;
PROV262;;;;;;;;;;;;;;x;
c_pura_adj;;;;;;;;;;;;;;x;
PROV263;;;;;;;;;;;;;;x;
c_chodda_adj;;;;;;;;;;;;;;x;
PROV264;;;;;;;;;;;;;;x;
c_calame_adj;;;;;;;;;;;;;;x;
PROV265;;;;;;;;;;;;;;x;
c_soxetra_adj;;;;;;;;;;;;;;x;
PROV266;;;;;;;;;;;;;;x;
c_nisaea_adj;;;;;;;;;;;;;;x;
PROV267;;;;;;;;;;;;;;x;
c_chaurina_adj;;;;;;;;;;;;;;x;
PROV268;;;;;;;;;;;;;;x;
c_curora_adj;;;;;;;;;;;;;;x;
PROV269;;;;;;;;;;;;;;x;
c_shahristan_adj;;;;;;;;;;;;;;x;
PROV270;;;;;;;;;;;;;;x;
c_ariaspe_adj;;;;;;;;;;;;;;x;
PROV271;;;;;;;;;;;;;;x;
c_alexandria_bactria;;;;;;;;;;;;;;x;
PROV272;;;;;;;;;;;;;;x;
c_bactra_adj;;;;;;;;;;;;;;x;
PROV273;;;;;;;;;;;;;;x;
c_drapsaka_adj;;;;;;;;;;;;;;x;
PROV274;;;;;;;;;;;;;;x;
c_marakanda_adj;;;;;;;;;;;;;;x;
PROV275;;;;;;;;;;;;;;x;
c_tarmita_adj;;;;;;;;;;;;;;x;
PROV276;;;;;;;;;;;;;;x;
c_alexandria_eschate_adj;;;;;;;;;;;;;;x;
PROV277;;;;;;;;;;;;;;x;
c_massaka_adj;;;;;;;;;;;;;;x;
PROV278;;;;;;;;;;;;;;x;
c_kophen_adj;;;;;;;;;;;;;;x;
PROV279;;;;;;;;;;;;;;x;
c_bandobene_adj;;;;;;;;;;;;;;x;
PROV280;;;;;;;;;;;;;;x;
c_tazora_adj;;;;;;;;;;;;;;x;
PROV281;;;;;;;;;;;;;;x;
c_pharsaga_adj;;;;;;;;;;;;;;x;
PROV282;;;;;;;;;;;;;;x;
c_artoata_adj;;;;;;;;;;;;;;x;
PROV283;;;;;;;;;;;;;;x;
c_sogdorum_regia_adj;;;;;;;;;;;;;;x;
PROV284;;;;;;;;;;;;;;x;
c_gynaikon_limen_adj;;;;;;;;;;;;;;x;
PROV285;;;;;;;;;;;;;;x;
c_automula_adj;;;;;;;;;;;;;;x;
PROV286;;;;;;;;;;;;;;x;
c_patala_adj;;;;;;;;;;;;;;x;
PROV287;;;;;;;;;;;;;;x;
c_naagramma_adj;;;;;;;;;;;;;;x;
PROV288;;;;;;;;;;;;;;x;
c_mallorum_adj;;;;;;;;;;;;;;x;
PROV289;;;;;;;;;;;;;;x;
c_asibipura_adj;;;;;;;;;;;;;;x;
PROV290;;;;;;;;;;;;;;x;
c_boukephala_adj;;;;;;;;;;;;;;x;
PROV291;;;;;;;;;;;;;;x;
c_attock_adj;;;;;;;;;;;;;;x;
PROV292;;;;;;;;;;;;;;x;
c_taxila_adj;;;;;;;;;;;;;;x;
PROV300;Lilybaion;;;;;;;;;;;;;x;
c_lilybaeum_adj;Lilybaian;;;;;;;;;;;;;x;
PROV301;Segesta;;;;;;;;;;;;;x;
c_elymians_adj;Segestan;;;;;;;;;;;;;x;
PROV302;Selinos;;;;;;;;;;;;;x;
c_selinus_adj;Selinan;;;;;;;;;;;;;x;
PROV303;Himera;;;;;;;;;;;;;x;
c_himera_adj;Himeran;;;;;;;;;;;;;x;
PROV304;Gela;;;;;;;;;;;;;x;
c_gela_adj;Gelan;;;;;;;;;;;;;x;
PROV305;Syrakousai;;;;;;;;;;;;;x;
c_syracuse_adj;Syrakousan;;;;;;;;;;;;;x;
PROV306;Sikeloi;;;;;;;;;;;;;x;
c_sicels_adj;Sikelian;;;;;;;;;;;;;x;
PROV307;Messene;;;;;;;;;;;;;x;
c_messana_adj;Messenian;;;;;;;;;;;;;x;
PROV308;Rhegion;;;;;;;;;;;;;x;
c_rhegium_adj;Rhegian;;;;;;;;;;;;;x;
PROV309;Terina;;;;;;;;;;;;;x;
c_terina_adj;Terinian;;;;;;;;;;;;;x;
PROV310;Kroton;;;;;;;;;;;;;x;
c_croton_adj;Krotonian;;;;;;;;;;;;;x;
PROV311;Thurii;;;;;;;;;;;;;x;
c_thurii_adj;Thurian;;;;;;;;;;;;;x;
PROV312;Heracleia;;;;;;;;;;;;;x;
c_heracleia_sicily_adj;Heracleian;;;;;;;;;;;;;x;
PROV313;Elea;;;;;;;;;;;;;x;
c_elea_adj;Elean;;;;;;;;;;;;;x;
PROV314;Metapontion;;;;;;;;;;;;;x;
c_metapontum_adj;Metapontian;;;;;;;;;;;;;x;
PROV315;Salapia;;;;;;;;;;;;;x;
c_salapia_adj;Salapian;;;;;;;;;;;;;x;
PROV316;Arpi;;;;;;;;;;;;;x;
c_arpi_adj;Arpian;;;;;;;;;;;;;x;
PROV317;Taras;;;;;;;;;;;;;x;
c_tarentum_adj;Tarentine;;;;;;;;;;;;;x;
PROV318;Brindisi;;;;;;;;;;;;;x;
c_brundisium_adj;Brindisian;;;;;;;;;;;;;x;
PROV319;Irna;;;;;;;;;;;;;x;
c_irna_adj;Irnian;;;;;;;;;;;;;x;
PROV320;Neapolis;;;;;;;;;;;;;x;
c_neapolis_adj;Neapolitan;;;;;;;;;;;;;x;
PROV321;Capua;;;;;;;;;;;;;x;
c_capua_adj;Capuan;;;;;;;;;;;;;x;
PROV322;Terracina;;;;;;;;;;;;;x;
c_terracina_adj;Terracinian;;;;;;;;;;;;;x;
PROV323;Antium;;;;;;;;;;;;;x;
c_antium_adj;Antian;;;;;;;;;;;;;x;
PROV324;Roma;;;;;;;;;;;;;x;
c_roma_adj;Roman;;;;;;;;;;;;;x;
PROV325;Venusia;;;;;;;;;;;;;x;
c_venusia_adj;Venusian;;;;;;;;;;;;;x;
PROV326;Beneventum;;;;;;;;;;;;;x;
c_beneventum_adj;Beneventene;;;;;;;;;;;;;x;
PROV327;Bovianum;;;;;;;;;;;;;x;
c_bovianum_adj;Bovian;;;;;;;;;;;;;x;
PROV328;Sulmo;;;;;;;;;;;;;x;
c_sulmo_adj;Sulman;;;;;;;;;;;;;x;
PROV329;Asculum;;;;;;;;;;;;;x;
c_asculum_adj;Asculeme;;;;;;;;;;;;;x;
PROV330;Ancona;;;;;;;;;;;;;x;
c_ancona_adj;Anconan;;;;;;;;;;;;;x;
PROV331;Amiternum;;;;;;;;;;;;;x;
c_amiternum_adj;Amiterneme;;;;;;;;;;;;;x;
PROV332;Spoletium;;;;;;;;;;;;;x;
c_spoletium_adj;Spoletian;;;;;;;;;;;;;x;
PROV333;Iguvium;;;;;;;;;;;;;x;
c_iguvium_adj;Iguvian;;;;;;;;;;;;;x;
PROV334;Sarsina;;;;;;;;;;;;;x;
c_sarsina_adj;Sarsinian;;;;;;;;;;;;;x;
PROV335;Veii;;;;;;;;;;;;;x;
c_veii_adj;Veii;;;;;;;;;;;;;x;
PROV336;Tarquinii;;;;;;;;;;;;;x;
c_tarquinii_adj;Tarquinian;;;;;;;;;;;;;x;
PROV337;Arretium;;;;;;;;;;;;;x;
c_arretium_adj;Arretian;;;;;;;;;;;;;x;
PROV338;Vetulonia;;;;;;;;;;;;;x;
c_vetulonia_adj;Vetulonian;;;;;;;;;;;;;x;
PROV339;Pisae;;;;;;;;;;;;;x;
c_pisae_adj;Pisan;;;;;;;;;;;;;x;
PROV340;Luna;;;;;;;;;;;;;x;
c_luna_adj;Lunan;;;;;;;;;;;;;x;
PROV341;Albingaunum;;;;;;;;;;;;;x;
c_albingaunum_adj;Albingaunium;;;;;;;;;;;;;x;
PROV342;Vardagate;;;;;;;;;;;;;x;
c_vardagate_adj;Vardagatean;;;;;;;;;;;;;x;
PROV343;Taurasia;;;;;;;;;;;;;x;
c_taurasia_adj;Taurasian;;;;;;;;;;;;;x;
PROV344;Vercellae;;;;;;;;;;;;;x;
c_vercellae_adj;Vercellian;;;;;;;;;;;;;x;
PROV345;Mediolanum;;;;;;;;;;;;;x;
c_mediolanum_adj;Mediolan;;;;;;;;;;;;;x;
PROV346;Brixia;;;;;;;;;;;;;x;
c_brixia_adj;Brixian;;;;;;;;;;;;;x;
PROV347;Verona;;;;;;;;;;;;;x;
c_verona_adj;Veronan;;;;;;;;;;;;;x;
PROV348;Patavium;;;;;;;;;;;;;x;
c_patavium_adj;Patavian;;;;;;;;;;;;;x;
PROV349;Altinum;;;;;;;;;;;;;x;
c_altinum_adj;Altinian;;;;;;;;;;;;;x;
PROV350;Aleria;;;;;;;;;;;;;x;
c_aleria_adj;Alerian;;;;;;;;;;;;;x;
PROV351;Palla;;;;;;;;;;;;;x;
c_palla_adj;Pallan;;;;;;;;;;;;;x;
PROV352;Olbia;;;;;;;;;;;;;x;
c_olbia_sardinia_adj;Olbian;;;;;;;;;;;;;x;
PROV353;Tharros;;;;;;;;;;;;;x;
c_tharros_adj;Tharrosian;;;;;;;;;;;;;x;
PROV354;Caralis;;;;;;;;;;;;;x;
c_caralis_adj;Carali;;;;;;;;;;;;;x;
PROV355;Placentia;;;;;;;;;;;;;x;
c_placentia_adj;Placentian;;;;;;;;;;;;;x;
PROV356;Parma;;;;;;;;;;;;;x;
c_parma_adj;Parman;;;;;;;;;;;;;x;
PROV357;Bononia;;;;;;;;;;;;;x;
c_bononia_adj;Bononian;;;;;;;;;;;;;x;
PROV358;Ravenna;;;;;;;;;;;;;x;
c_ravenna_adj;Ravennan;;;;;;;;;;;;;x;
PROV359;;;;;;;;;;;;;;x;
c_utica_adj;;;;;;;;;;;;;;x;
PROV360;;;;;;;;;;;;;;x;
c_carthage_adj;;;;;;;;;;;;;;x;
PROV364;;;;;;;;;;;;;;x;
c_thizika_adj;;;;;;;;;;;;;;x;
PROV365;;;;;;;;;;;;;;x;
c_thabraca_adj;;;;;;;;;;;;;;x;
PROV361;;;;;;;;;;;;;;x;
c_thapsus_adj;;;;;;;;;;;;;;x;
PROV362;;;;;;;;;;;;;;x;
c_thaenae_adj;;;;;;;;;;;;;;x;
PROV363;;;;;;;;;;;;;;x;
c_thala_adj;;;;;;;;;;;;;;x;
PROV366;;;;;;;;;;;;;;x;
c_hippo_adj;;;;;;;;;;;;;;x;
PROV367;;;;;;;;;;;;;;x;
c_igilgili_adj;;;;;;;;;;;;;;x;
PROV368;;;;;;;;;;;;;;x;
c_rusazus_adj;;;;;;;;;;;;;;x;
PROV369;;;;;;;;;;;;;;x;
c_tubusuctu_adj;;;;;;;;;;;;;;x;
PROV370;;;;;;;;;;;;;;x;
c_satafis_adj;;;;;;;;;;;;;;x;
PROV371;;;;;;;;;;;;;;x;
c_cirta_adj;;;;;;;;;;;;;;x;
PROV372;;;;;;;;;;;;;;x;
c_thagaste_adj;;;;;;;;;;;;;;x;
PROV373;;;;;;;;;;;;;;x;
c_zabi_adj;;;;;;;;;;;;;;x;
PROV374;;;;;;;;;;;;;;x;
c_thubunae_adj;;;;;;;;;;;;;;x;
PROV375;;;;;;;;;;;;;;x;
c_thabudeos_adj;;;;;;;;;;;;;;x;
PROV376;;;;;;;;;;;;;;x;
c_theveste_adj;;;;;;;;;;;;;;x;
PROV377;;;;;;;;;;;;;;x;
c_capsa_adj;;;;;;;;;;;;;;x;
PROV378;;;;;;;;;;;;;;x;
c_meninx_adj;;;;;;;;;;;;;;x;
PROV379;;;;;;;;;;;;;;x;
c_oea_adj;;;;;;;;;;;;;;x;
PROV380;;;;;;;;;;;;;;x;
c_lepcis_magna_adj;;;;;;;;;;;;;;x;
PROV381;;;;;;;;;;;;;;x;
c_euphranta_adj;;;;;;;;;;;;;;x;
PROV382;;;;;;;;;;;;;;x;
c_automalax_adj;;;;;;;;;;;;;;x;
PROV383;;;;;;;;;;;;;;x;
c_montana_adj;;;;;;;;;;;;;;x;
PROV384;;;;;;;;;;;;;;x;
c_naissus_adj;;;;;;;;;;;;;;x;
PROV385;;;;;;;;;;;;;;x;
c_scupi_adj;;;;;;;;;;;;;;x;
PROV386;;;;;;;;;;;;;;x;
c_sirmium_adj;;;;;;;;;;;;;;x;
PROV387;;;;;;;;;;;;;;x;
c_cibalae_adj;;;;;;;;;;;;;;x;
PROV388;;;;;;;;;;;;;;x;
c_mursa_adj;;;;;;;;;;;;;;x;
PROV389;;;;;;;;;;;;;;x;
c_malvesa_adj;;;;;;;;;;;;;;x;
PROV390;;;;;;;;;;;;;;x;
c_sopianae_adj;;;;;;;;;;;;;;x;
PROV391;;;;;;;;;;;;;;x;
c_tricciana_adj;;;;;;;;;;;;;;x;
PROV392;;;;;;;;;;;;;;x;
c_scarbantia_adj;;;;;;;;;;;;;;x;
PROV393;;;;;;;;;;;;;;x;
c_virunum_adj;;;;;;;;;;;;;;x;
PROV394;;;;;;;;;;;;;;x;
c_emona_adj;;;;;;;;;;;;;;x;
PROV395;;;;;;;;;;;;;;x;
c_segestica_adj;;;;;;;;;;;;;;x;
PROV396;;;;;;;;;;;;;;x;
c_splonum_adj;;;;;;;;;;;;;;x;
PROV397;;;;;;;;;;;;;;x;
c_senia_adj;;;;;;;;;;;;;;x;
PROV398;;;;;;;;;;;;;;x;
c_ortopla_adj;;;;;;;;;;;;;;x;
PROV399;;;;;;;;;;;;;;x;
c_pharos_adj;;;;;;;;;;;;;;x;
PROV400;;;;;;;;;;;;;;x;
c_salonica_adj;;;;;;;;;;;;;;x;
PROV401;;;;;;;;;;;;;;x;
c_arcidava_adj;;;;;;;;;;;;;;x;
PROV402;;;;;;;;;;;;;;x;
c_dierna_adj;;;;;;;;;;;;;;x;
PROV403;;;;;;;;;;;;;;x;
c_pelendava_adj;;;;;;;;;;;;;;x;
PROV404;;;;;;;;;;;;;;x;
c_popesti_adj;;;;;;;;;;;;;;x;
PROV405;;;;;;;;;;;;;;x;
c_bucuresti_adj;;;;;;;;;;;;;;x;
PROV406;;;;;;;;;;;;;;x;
c_banita_adj;;;;;;;;;;;;;;x;
PROV407;;;;;;;;;;;;;;x;
c_buridava_adj;;;;;;;;;;;;;;x;
PROV408;;;;;;;;;;;;;;x;
c_sarmizegetusa_adj;;;;;;;;;;;;;;x;
PROV409;;;;;;;;;;;;;;x;
c_apulum_adj;;;;;;;;;;;;;;x;
PROV410;;;;;;;;;;;;;;x;
c_surcea_adj;;;;;;;;;;;;;;x;
PROV411;;;;;;;;;;;;;;x;
c_potaissa_adj;;;;;;;;;;;;;;x;
PROV412;;;;;;;;;;;;;;x;
c_napoca_adj;;;;;;;;;;;;;;x;
PROV413;;;;;;;;;;;;;;x;
c_germisara_adj;;;;;;;;;;;;;;x;
PROV414;;;;;;;;;;;;;;x;
c_cotnari_adj;;;;;;;;;;;;;;x;
PROV415;;;;;;;;;;;;;;x;
c_poroboridava_adj;;;;;;;;;;;;;;x;
PROV416;;;;;;;;;;;;;;x;
c_nice_adj;;;;;;;;;;;;;;x;
PROV417;;;;;;;;;;;;;;x;
c_massilia_adj;;;;;;;;;;;;;;x;
PROV418;;;;;;;;;;;;;;x;
c_arelate_adj;;;;;;;;;;;;;;x;
PROV419;;;;;;;;;;;;;;x;
c_aquae_sextae;;;;;;;;;;;;;;x;
PROV420;;;;;;;;;;;;;;x;
c_eturamina_adj;;;;;;;;;;;;;;x;
PROV421;;;;;;;;;;;;;;x;
c_eburodunum_adj;;;;;;;;;;;;;;x;
PROV422;;;;;;;;;;;;;;x;
c_arausio_adj;;;;;;;;;;;;;;x;
PROV423;;;;;;;;;;;;;;x;
c_segustero_adj;;;;;;;;;;;;;;x;
PROV424;;;;;;;;;;;;;;x;
c_valentia_adj;;;;;;;;;;;;;;x;
PROV425;;;;;;;;;;;;;;x;
c_lucus_adj;;;;;;;;;;;;;;x;
PROV426;;;;;;;;;;;;;;x;
c_brigantio_adj;;;;;;;;;;;;;;x;
PROV427;;;;;;;;;;;;;;x;
c_lugdunum_adj;;;;;;;;;;;;;;x;
PROV428;;;;;;;;;;;;;;x;
c_cabilonnum_adj;;;;;;;;;;;;;;x;
PROV429;;;;;;;;;;;;;;x;
c_andematunnum_adj;;;;;;;;;;;;;;x;
PROV430;;;;;;;;;;;;;;x;
c_augusta_praetorium;;;;;;;;;;;;;;x;
PROV431;;;;;;;;;;;;;;x;
c_geneva_adj;;;;;;;;;;;;;;x;
PROV432;;;;;;;;;;;;;;x;
c_aventicum_adj;;;;;;;;;;;;;;x;
PROV433;;;;;;;;;;;;;;x;
c_vesontio_adj;;;;;;;;;;;;;;x;
PROV434;;;;;;;;;;;;;;x;
c_luxovium_adj;;;;;;;;;;;;;;x;
PROV435;;;;;;;;;;;;;;x;
c_arae_flaviae_adj;;;;;;;;;;;;;;x;
PROV436;;;;;;;;;;;;;;x;
c_cambodunum_adj;;;;;;;;;;;;;;x;
PROV437;;;;;;;;;;;;;;x;
c_iuvavum_adj;;;;;;;;;;;;;;x;
PROV438;;;;;;;;;;;;;;x;
c_ovilava_adj;;;;;;;;;;;;;;x;
PROV439;;;;;;;;;;;;;;x;
c_pselchis_adj;;;;;;;;;;;;;;x;
PROV440;;;;;;;;;;;;;;x;
c_pachoras_adj;;;;;;;;;;;;;;x;
PROV441;;;;;;;;;;;;;;x;
c_pdeme_adj;;;;;;;;;;;;;;x;
PROV442;;;;;;;;;;;;;;x;
c_patinga_adj;;;;;;;;;;;;;;x;
PROV443;;;;;;;;;;;;;;x;
c_napata_adj;;;;;;;;;;;;;;x;
PROV444;;;;;;;;;;;;;;x;
c_meroe_adj;;;;;;;;;;;;;;x;
PROV994;;;;;;;;;;;;;;x;
PROV995;;;;;;;;;;;;;;x;
PROV996;;;;;;;;;;;;;;x;
PROV997;;;;;;;;;;;;;;x;
PROV998;;;;;;;;;;;;;;x;
PROV999;;;;;;;;;;;;;;x;
PROV1001;;;;;;;;;;;;;;x;
PROV1002;;;;;;;;;;;;;;x;
PROV1004;;;;;;;;;;;;;;x;
PROV1005;;;;;;;;;;;;;;x;
PROV1006;;;;;;;;;;;;;;x;
PROV1007;;;;;;;;;;;;;;x;
PROV1008;;;;;;;;;;;;;;x;
PROV1009;;;;;;;;;;;;;;x;
PROV1010;;;;;;;;;;;;;;x;
PROV1011;;;;;;;;;;;;;;x;
PROV1012;;;;;;;;;;;;;;x;
PROV1013;;;;;;;;;;;;;;x;
PROV1014;;;;;;;;;;;;;;x;
PROV1015;;;;;;;;;;;;;;x;
PROV1016;;;;;;;;;;;;;;x;
PROV1017;Caspian Sea;;;;;;;;;;;;;x;
PROV1018;;;;;;;;;;;;;;x;
PROV1019;;;;;;;;;;;;;;x;
PROV1020;Aral Sea;;;;;;;;;;;;;x;
PROV1021;;;;;;;;;;;;;;x;
PROV1022;;;;;;;;;;;;;;x;
PROV1023;;;;;;;;;;;;;;x;
PROV1024;;;;;;;;;;;;;;x;
PROV1025;;;;;;;;;;;;;;x;
PROV1026;;;;;;;;;;;;;;x;
PROV1027;;;;;;;;;;;;;;x;
PROV1028;;;;;;;;;;;;;;x;
PROV1029;;;;;;;;;;;;;;x;
PROV1030;;;;;;;;;;;;;;x;
PROV1031;;;;;;;;;;;;;;x;
PROV1032;;;;;;;;;;;;;;x;
PROV1033;;;;;;;;;;;;;;x;
PROV1034;;;;;;;;;;;;;;x;
PROV1035;;;;;;;;;;;;;;x;
PROV1036;;;;;;;;;;;;;;x;
PROV1037;;;;;;;;;;;;;;x;
PROV1038;;;;;;;;;;;;;;x;
PROV1039;;;;;;;;;;;;;;x;
PROV1040;;;;;;;;;;;;;;x;
PROV1041;;;;;;;;;;;;;;x;
PROV1042;;;;;;;;;;;;;;x;
PROV1043;;;;;;;;;;;;;;x;
PROV1044;;;;;;;;;;;;;;x;
PROV1045;;;;;;;;;;;;;;x;
PROV1046;;;;;;;;;;;;;;x;
PROV1047;;;;;;;;;;;;;;x;
PROV1048;;;;;;;;;;;;;;x;
PROV1049;;;;;;;;;;;;;;x;
PROV1050;;;;;;;;;;;;;;x;
PROV1051;;;;;;;;;;;;;;x;
PROV1052;;;;;;;;;;;;;;x;
PROV1053;;;;;;;;;;;;;;x;
PROV1054;;;;;;;;;;;;;;x;
PROV1055;;;;;;;;;;;;;;x;
PROV1056;;;;;;;;;;;;;;x;
PROV1057;;;;;;;;;;;;;;x;
PROV1058;;;;;;;;;;;;;;x;
PROV1059;;;;;;;;;;;;;;x;
PROV1060;;;;;;;;;;;;;;x;
